row,subj,time,trial,stimulus,guess
1,0,1476374184168,0,OOOBBBOB,BOOOOBBO
2,0,1476374211726,1,OOBBOBOO,BOOBOOBB
3,0,1476374231989,2,OOOOBOOO,BOBOOBBO
4,0,1476374251332,3,OOBBOBBO,BOBOBOBO
5,0,1476374273194,4,OBOOBOBO,BBOBBOOB
6,1,1476374097422,0,BBOOBOBO,BOBOBBOB
7,1,1476374115163,1,BBBBBOOO,BOBBBOBB
8,1,1476374129470,2,BOBBOOBB,BBBOOBOB
9,1,1476374143289,3,OBOOBOBO,BOOOOBOB
10,1,1476374157382,4,BBBBOBBO,BBBOBBOB
11,2,1476374069773,0,OBBOOOBO,OOOBOOOO
12,2,1476374084844,1,OBBOBBOO,OOOOOOOO
13,2,1476374095673,2,BBBOBOBO,OOOOOOOO
14,2,1476374105451,3,BBBOBOBB,OOOOOOOO
15,2,1476374114825,4,OOOOOBOB,OOOOOOOO
16,3,1476374152140,0,OOOBOOBO,OOBOOOOO
17,3,1476374179957,1,OOBBOOBB,OOOOOOBB
18,3,1476374209121,2,BBOOBOBB,BBBOBBBO
19,3,1476374243520,3,BOOBBOOB,OBBBOBBO
20,3,1476374271923,4,OOBOOBOB,OOOBOOBO
21,4,1476374247034,0,OOBOOBOB,OBOOBOOO
22,4,1476374295857,1,BOOOBBBB,OBBOOBBO
23,4,1476374334043,2,BOBOBBOB,OOBOBOBO
24,4,1476374376163,3,OBBOOBBO,BOBBOBBO
25,4,1476374419243,4,OOOOOOBO,BOBBOOOB
26,5,1476374172840,0,OOOBOOBO,BOBOBOOB
27,5,1476374213296,1,OBBBOBBO,OOOBOBBO
28,5,1476374261885,2,BBBBBOOO,BOBOBBOO
29,5,1476374310769,3,OOOBOBOB,OOOOBOBO
30,5,1476374344504,4,OBBOBOBB,OBOBOBOB
31,6,1476374191346,0,OOBBOBOO,BBOOBOOO
32,6,1476374212932,1,BBBBBOOO,BBBBBBBO
33,6,1476374237332,2,OBOBBBOB,OOOBOOBB
34,6,1476374255867,3,BOOBOBOB,OBBBBOOO
35,6,1476374272532,4,OBOBOBBO,BBBBBBOO
36,7,1476373989273,0,BBBBOOBO,BOOBBOOB
37,7,1476374016776,1,BOBBOOOB,OBBBBOOO
38,7,1476374039887,2,BOBBBBBO,BBOOBBOB
39,7,1476374059951,3,BOOOOOOB,BBOOBBOO
40,7,1476374078974,4,BOOOOOOO,BBBOBBOO
41,8,1476374223678,0,BBOOOBOO,BBBOBOBB
42,8,1476374268869,1,BBOBBBOB,BBOBOOOO
43,8,1476374307188,2,OBBBOOBB,BOOBBBBO
44,8,1476374332589,3,OOOOOOBB,BOOBOOOB
45,8,1476374358197,4,OOBBOBOO,OOOBBOBB
46,9,1476374274055,0,BBOOOBOB,BBOBBBOO
47,9,1476374290705,1,OOBOBOOO,BOOBOBBO
48,9,1476374306311,2,OBBBBOBB,BBOBBBOO
49,9,1476374318713,3,BBBBOBOB,BBOBBOOB
50,9,1476374330857,4,BOBOOBBB,OBOOBOOO
51,10,1476374335004,0,BBOOOOOO,OBBBBOOO
52,10,1476374349897,1,BOOOBOBB,OBOOOOOO
53,10,1476374368332,2,OOBOBBOO,OOOOOOBO
54,10,1476374381803,3,BOOBBOBB,OBOOBBOO
55,10,1476374438933,4,BBBBBOBO,OOBBBBOB
56,11,1476374331665,0,OOOBOOBB,BOOOOOOO
57,11,1476374370822,1,BOBOOOBO,BBBBBOOO
58,11,1476374386917,2,BBOBOBBB,BBBOBBOB
59,11,1476374406326,3,OBBOBOOO,OOOBBOOB
60,11,1476374425191,4,OBOOOBOB,OOBBOOBO
61,12,1476374363334,0,OOBBBBOO,OBBOOBBO
62,12,1476374380958,1,BBOOBOOB,OOBOOBOO
63,12,1476374396573,2,BOOBOOOO,OBBOBOOB
64,12,1476374409959,3,OOOBOOOB,OOBBBOOO
65,12,1476374426783,4,OOOBBOBB,OOBBOBOO
66,13,1476374402674,0,BOOOOOBO,OOBBOOOO
67,13,1476374426355,1,OOOOOOBO,BBOOOBOO
68,13,1476374451647,2,OBOOBBOO,BBBBOOOO
69,13,1476374473858,3,OOOOBBOO,BBBOOOBB
70,13,1476374493250,4,BOOOBBOO,BBBOOOOO
71,14,1476374423254,0,BOOBBOOB,BOBBOOOO
72,14,1476374461021,1,OBBBBOBB,OOOOOOBB
73,14,1476374488414,2,BOBBBOBB,BBOOBBOB
74,14,1476374533824,3,OOBOOOBB,BBOOOBOB
75,14,1476374559828,4,OOBBOOBB,BBOOBOBB
76,15,1476385148818,0,OBOBOOBB,OBBBOOOO
77,15,1476385159258,1,OOBBOOBO,OOOBBOOB
78,15,1476385169649,2,BBBOOOOO,OOOOOBBB
79,15,1476385178585,3,OOBBOOOO,OOOOOBBB
80,15,1476385212545,4,BBOBOBOB,OOOBBBBB
81,16,1476374670501,0,BOBBOBBO,BBBOBBBO
82,16,1476374692898,1,OBOOBOBB,OBBOBOOB
83,16,1476374716192,2,OOOOOOBB,BOBBOOOB
84,16,1476374732413,3,OOOOOOOB,BOOBOOOO
85,16,1476374769365,4,BOOOOOOO,BBOOOOOO
86,17,1476374738208,0,OBOBOOBB,OBBBOOBO
87,17,1476374751864,1,OOBBOBBO,OBOOBBBB
88,17,1476374769688,2,BBOBBOBB,OOOBBBOO
89,17,1476374784592,3,BBOBOOOO,OBBOOBBB
90,17,1476374795814,4,OOOOOOBO,OOOOOOOO
91,18,1476374832995,0,OBBBBOBB,OOBBBBOO
92,18,1476374853716,1,BBOBOOOB,BBBBOOBO
93,18,1476374871020,2,OOOOBBBO,BBBBBBBB
94,18,1476374885801,3,BOOBBBOO,BBBBOOOB
95,18,1476374897794,4,OOOBBBOO,BOOOOOOO
96,19,1476374903571,0,BBBBOBOO,OBBBBOBB
97,19,1476374919873,1,OBOOBBBB,OBOBOOBO
98,19,1476374933103,2,BBOBOOBB,OOOBBBOB
99,19,1476374949139,3,BBOOOBOB,BOBOOOOO
100,19,1476374962350,4,OBBOOBOO,OBOBBOBO
101,20,1476374927227,0,OOOOOOOO,BOOOOOOO
102,20,1476374939362,1,BOBBBOOO,OOBBBBBO
103,20,1476374952795,2,OBBOBOBO,OOBBOBOB
104,20,1476374965403,3,BOBBOOBO,OBOOBBBB
105,20,1476374976808,4,OOOOOOOO,OOOOOOOO
106,21,1476375060524,0,BOOBOBOO,OBBBBOOO
107,21,1476375084612,1,OBOOOOBB,BBOBBBOB
108,21,1476375100604,2,BBOOOBBB,BBOBBBBO
109,21,1476375114779,3,BBOOBOOO,BOBOOBBB
110,21,1476375128444,4,BBBOBOBB,BBOBOOBO
111,22,1476375146178,0,BBOOBBOB,OOBBOBBO
112,22,1476375157575,1,OBOBBBBO,OOBBOBOO
113,22,1476375165950,2,OOOBBBBB,OOOOOOBB
114,22,1476375181684,3,OBOOOOBB,OOOOBBBB
115,22,1476375192175,4,OOBBBOOB,OOBOBOBB
116,23,1476376673038,0,BOOBBOBB,BBOBBBBO
117,23,1476376700949,1,BBBOBBBB,OBBOBOBB
118,23,1476376722439,2,OBOOOOOO,BOBBBOBO
119,23,1476376744297,3,BOBOOBBB,BBOOBBOO
120,23,1476376765428,4,OBBBOOOB,OBOOBOOO
121,24,1476376682585,0,OOBOBBOO,OBOBBOOO
122,24,1476376706537,1,BBOOBBOB,OOBOBBOO
123,24,1476376728092,2,OOOOBOOB,OOOBOOOO
124,24,1476376751257,3,OOOOOBBB,OOOOOOBB
125,24,1476376778612,4,OOOBOOOO,OOOOBOOB
126,25,1476377310308,0,OOOOBBOO,BOBOOOOO
127,25,1476377330556,1,BBBBBBBO,OBBOBBBB
128,25,1476377349149,2,BBBBOOOB,OOOOBBBB
129,25,1476377363189,3,OBOBBOBB,BOOOOBOO
130,25,1476377377221,4,BBBBBOOO,BOBBOOOO
131,26,1476377440053,0,BBBOOBBB,OOBBBOBO
132,26,1476377458951,1,BBBOOOOO,BOBOOBOB
133,26,1476377481784,2,BOBBOBBB,BBOBOBOO
134,26,1476377501108,3,OOBOBBBO,BOOOBOBB
135,26,1476377513237,4,OBOOOOOB,BOOBBOOO
136,27,1476377555642,0,BOOBOBBO,BBBBOOOO
137,27,1476377579464,1,BBBOOOBB,OBOOOBOB
138,27,1476377615010,2,OOBOBBOO,OOOOOBOB
139,27,1476377629696,3,BBBBBOBB,BBBBBBBB
140,27,1476377648390,4,BOBOOBOO,BBOOBOBO
141,28,1476378504162,0,OBOBOBBO,BOBBOBOO
142,28,1476378526443,1,OOBOOBBO,OBOBBOOO
143,28,1476378558561,2,OOBBOOOO,OOBBOBOO
144,28,1476378581932,3,BBBOOBBO,OBBOBOOB
145,28,1476378607895,4,BBOBOOBO,OBBOOOOB
146,29,1476378611284,0,OBBBBOOB,BBBOBOBB
147,29,1476378624983,1,OBOOBOOO,BOOOOBOB
148,29,1476378639031,2,OBOBBOOB,BOOOOBBO
149,29,1476378654446,3,OOBBBOOO,OBOBOOOO
150,29,1476378668107,4,BOBOOOBB,OBOBBOBO
151,30,1476384519618,0,OOBBOBOO,OOOBBOBO
152,30,1476384533426,1,OBBBOBOB,OOBOBBOB
153,30,1476384542633,2,BOOBBOOO,BOOBOBOB
154,30,1476384552001,3,OOOBOBBB,OBOOOBBB
155,30,1476384562257,4,OOBOOBOO,OBBBOBBO
156,31,1476466811711,0,BBOBOOOB,OBBOBBBB
157,31,1476466844998,1,OBOBBOOO,OOBBOOOB
158,31,1476466866383,2,OOBBBBBO,BOOBOBBB
159,31,1476466891224,3,OOBOBBOO,OOOBOOOB
160,31,1476466916294,4,OBOBBBOO,BOOOOOOB
161,32,1476466735840,0,OOOOBBBB,OOOBOOOO
162,32,1476466765940,1,BOBBOBOB,OOOOOOOO
163,32,1476466788358,2,BBOOBBBO,OOOOBOBO
164,32,1476466813505,3,BBOOOBOO,OBBOBOBO
165,32,1476466834907,4,OBBOOOOO,OOOOBOBO
166,33,1476466856817,0,BOOOOBBO,OOOOOOOB
167,33,1476466885382,1,OOOOBOOB,OOOBOBOO
168,33,1476466909059,2,OOOOBBOO,OOOOOOOO
169,33,1476466930785,3,OBOBOOOB,OOBOBBBB
170,33,1476466948244,4,OOOOOOBO,BBBBBBBB
171,34,1476466865498,0,OOBOOOBB,OOOOBBBB
172,34,1476466906917,1,BOBBOOBB,OOOOOOBB
173,34,1476466957289,2,OBBOOBOB,OOOOBBBO
174,34,1476466995056,3,BBOOBOBO,OOOOBBBB
175,34,1476467027637,4,BBOOBBOO,BBBBBBOO
176,35,1476466903468,0,OOBBOOOB,BBOOOOBB
177,35,1476466922458,1,BOBOBOOO,BOOOOBOB
178,35,1476466935475,2,OBBBBOOB,BBOBOOBO
179,35,1476466947377,3,BOBBBOBB,BOOBBOBB
180,35,1476466959246,4,BOBOBBOO,OBBOBOBO
181,36,1476466903979,0,BBBOBBBB,BOBBBBOB
182,36,1476466919080,1,BBBOOOOB,OBBOBOOO
183,36,1476466934319,2,BBOBBOOB,BBOOBBOB
184,36,1476466951300,3,BBOOBOBB,BBOBOBOO
185,36,1476466966152,4,OBOBBOOB,BOBBOBOB
186,37,1476466979507,0,OBOOBBBB,OOBBOOOO
187,37,1476467016608,1,OBOOBBOB,OBOOBBOO
188,37,1476467062420,2,OOBOBBBB,OBBBOBOB
189,37,1476467100493,3,OBBOBBOO,OOBBOOBB
190,37,1476467127345,4,OBOBBBBB,BOOOOOOO
191,38,1476466937257,0,BBOBBOBB,OOOBBOBB
192,38,1476466961499,1,OOBBOOBO,BBBBOOBB
193,38,1476466992523,2,OBBBBOOO,OOBOBOBO
194,38,1476467025921,3,BBBBOBBO,OOOOOOBB
195,38,1476467051690,4,OOOBOOBB,OOOOBOBO
196,39,1476466952683,0,OOBOBOOB,BBOOOOOO
197,39,1476466968880,1,OOBBOOOO,OOOOOOOO
198,39,1476466986506,2,BOOBOOBO,OOOOOOOO
199,39,1476467002536,3,BOOBBBBB,OOOOOOOB
200,39,1476467018379,4,OBOOBBOO,OOOOOOOO
201,40,1476466984815,0,BOOOBBBB,OOBOOBOO
202,40,1476467012355,1,BOOBBBOO,OBOOBOOB
203,40,1476467043701,2,OOBOOOBO,BBBBOBBO
204,40,1476467072609,3,OOOOOOBB,OBOOBOOB
205,40,1476467097684,4,OBBOBBOB,OOBBOOBO
206,41,1476467975104,0,OBBBOBOO,OOBOBBBO
207,41,1476467998871,1,BBBOOBBB,BOBOOBOB
208,41,1476468018055,2,BBBBOOOB,OBOBOBOO
209,41,1476468032838,3,BOBOOOBO,OBOBBBOO
210,41,1476468050710,4,BOBOOBBO,OOOBOBBB
211,42,1476467078490,0,BOBOBOOB,BBBOBOOB
212,42,1476467102475,1,BBBBBBOO,OBBBOBBO
213,42,1476467123091,2,OBOOOBBO,OOOBBBOB
214,42,1476467146031,3,OBBBBBOB,BBBOBOBB
215,42,1476467173987,4,BOBBOBBO,BBBOOOBB
216,43,1476477864477,0,BBOOBOOB,OBBBBOOO
217,43,1476477872860,1,BBBOOOOB,OOOOBBBB
218,43,1476477897396,2,BOBBBOOO,OOOOBBBB
219,43,1476477906716,3,OOOBOOBO,OOOOOOOO
220,43,1476477924443,4,BBOBBOBO,OOOOBBBB
221,44,1476467142924,0,BOBBBOOO,OBBOOOBO
222,44,1476467169345,1,BBBBBBBB,BBBBBBBB
223,44,1476467203413,2,OBBBBOOO,OOOBOBOO
224,44,1476467250875,3,BBOBBOOB,OBOBOOBB
225,44,1476467278873,4,OOOOOOBO,BBBOOOOB
226,45,1476467153896,0,BOOBOBOO,BBBBOOOO
227,45,1476467193864,1,BBBBOOBO,OOOOBOOB
228,45,1476467240656,2,OOBOOBOB,BBBBOOOO
229,45,1476467270072,3,BOBOBOBB,BBOBBOBO
230,45,1476467303144,4,BBBOOBBO,BBOOOOOO
231,46,1476467164023,0,OOOBOBOB,OBBOOBBO
232,46,1476467191469,1,OBOOBBBB,OBBOOOBB
233,46,1476467218327,2,BOBBBOOB,OBBOOBBO
234,46,1476467240861,3,BOOOBBOB,BOBBOBBO
235,46,1476467255316,4,BOOOOBBB,OOBBOBBO
236,47,1476467212702,0,OOBOOOOB,OOOBOBOO
237,47,1476467237441,1,BOBOBOOB,OOBOOBOB
238,47,1476467300549,2,OBOOBOOO,OBOBOOBO
239,47,1476467350953,3,OBOBBBBO,BOBOBBBB
240,47,1476467366173,4,OBBOBOBB,OBOBBBBB
241,48,1476467273730,0,OOOOOOBB,OOBOOOOB
242,48,1476467303233,1,OBBBBOBB,OOOBBBBB
243,48,1476467349553,2,OBBBOOOB,OOOBBBOO
244,48,1476467375274,3,OBBOBOBO,OOOBOBOB
245,48,1476467397946,4,OBOBOBOO,OOBOBBOB
246,49,1476467306615,0,BOOOOOBO,OBBBOOOB
247,49,1476467336719,1,BBOOBOOB,BBOOBBBO
248,49,1476467359350,2,OBBOBBOB,OBOOOBOB
249,49,1476467382080,3,OOOBOBOO,OOBBOOBB
250,49,1476467403349,4,OOOOOOBB,OOBBOOBB
251,50,1476467349495,0,BBOOBBOB,OOBBBBBB
252,50,1476467373345,1,OBBOOOBO,BBBOOBBB
253,50,1476467395535,2,OOBBOBOO,BBBBBBBB
254,50,1476467414910,3,OOBOBOBO,BBBBBBBB
255,50,1476467433194,4,OBOBOBOO,BBBBOBOB
256,51,1476467346650,0,OOBBBBBB,OBBOBBOB
257,51,1476467372057,1,OBOBOOBB,OOOBOBBO
258,51,1476467391411,2,BOOOOBOB,OBOOOOOO
259,51,1476467412409,3,OBBOOBBB,OOOBOOOB
260,51,1476467432813,4,BBBBBOBB,BOBBBBBB
261,52,1476467476598,0,BOOOBBOO,BOOBOBBO
262,52,1476467496433,1,BBOOOOBB,OOOOBBBB
263,52,1476467521413,2,BOBOBBOB,OBBBBOOO
264,52,1476467540297,3,BBOOBBBO,BBBBBBOB
265,52,1476467556265,4,BBOOBOOB,OOOOBBOB
266,53,1476467581228,0,OBBBBOOB,OBOOOBOO
267,53,1476467596677,1,BOOBOBOO,OBBOOOBB
268,53,1476467609781,2,OBBOBBOO,OOBOBOOB
269,53,1476467619509,3,BOBBBBOO,BOOOBBOO
270,53,1476467630092,4,OBOOOBBB,OOBOBOBB
271,54,1476467667730,0,BBBOBBOB,BBBBOBBB
272,54,1476467697253,1,OOOBBBBB,BOOOOBOB
273,54,1476467747777,2,BOBBOBOB,OOOOBBOO
274,54,1476467786561,3,BBBBOOOO,OOOBOBBO
275,54,1476467846744,4,OBOOBOBB,BBBBOBOB
276,55,1476467856507,0,OOBBBBOB,OBOOOOBO
277,55,1476468001019,1,OBBBBOBB,OOOBBOOB
278,55,1476468108025,2,OBBBBOOB,OOBBBOBB
279,55,1476468179358,3,OOOBOBOO,OOBBBBOB
280,55,1476468288114,4,BBBBOBBB,BBBOOOOB
281,56,1476467990104,0,BBOOBOBB,OBBBOBOB
282,56,1476468032596,1,OBOOBOOB,BOOOOBBO
283,56,1476468054478,2,OBOOOOOO,BBBBBBBO
284,56,1476468106689,3,BOOBOBOB,BOBOBOBB
285,56,1476468135323,4,BBBBBOBO,BOBBBBBB
286,57,1476467846045,0,BOBBOBBO,OBOOBOOO
287,57,1476467882725,1,BBBOBOOB,OBOOOBBO
288,57,1476467902703,2,BBOOOOOO,OBOOBOOO
289,57,1476467989062,3,BOOOBOBB,OOBBOOOO
290,57,1476468007758,4,OOBBBBBB,OBOBBOOB
291,58,1476468068954,0,BBBBOBBB,OBBOBOBB
292,58,1476468096589,1,BBBBOBOB,BBBBOBBB
293,58,1476468128748,2,BOOBBOBO,OBBBBOOO
294,58,1476468155062,3,BBBOBBOB,BBBBBBBO
295,58,1476468182030,4,BOBOOOBB,BBOBOBBB
296,59,1476468130794,0,BOOBOBOO,BBBBBBOO
297,59,1476468154225,1,BOBBOBOO,BOOBOBOO
298,59,1476468172507,2,OOBBBBOB,OBOOBOBO
299,59,1476468189983,3,OBBOBBBB,OBBOOBBO
300,59,1476468208635,4,BBOBOOBO,OOOBOBOB
301,60,1476469090669,0,OOBOOOBB,OBOOOBOO
302,60,1476469119755,1,OBBBBBOB,BOOBBOBO
303,60,1476469152275,2,BOBOOBBB,OOOBBOBO
304,60,1476469189824,3,OOBOOBOB,OOBOBOOO
305,60,1476469215022,4,BBBBOBOB,BOBOBBOO
306,61,1476469065005,0,OOOBBBBB,OBOBBBOB
307,61,1476469073493,1,OOBBOBBO,OOOBOBBO
308,61,1476469081157,2,BBBOOBOO,OOOOBBBB
309,61,1476469088765,3,OOOBOBBB,OBBBOBBO
310,61,1476469099421,4,OBOOBBBB,OBOBOBBB
311,62,1476469351687,0,BOOBBOOO,BOBBOBBO
312,62,1476469362935,1,BOBOOBBO,BOBOBOBB
313,62,1476469372183,2,BBBOBOOB,BOBBOOBO
314,62,1476469380113,3,OBBBOBOO,BOOBOBOB
315,62,1476469393121,4,BBOBBOBO,BOBOOOOB
316,63,1476469407210,0,OBBBOOOB,OOOBBBBB
317,63,1476469417050,1,BBBBOOOO,OBBBBBBB
318,63,1476469425897,2,BBOBBOOB,BBBBBBBB
319,63,1476469436449,3,OOBOOBOO,BBBBBBBB
320,63,1476469454809,4,OOOOOBOO,BBBBBBBB
321,64,1476469459574,0,OBOOOOOO,BBBBBBOO
322,64,1476469481879,1,OOOBOOBO,BOOOOOOO
323,64,1476469503063,2,BBOOOOBB,OBOOBBOO
324,64,1476469522030,3,OOOOBOBB,BOOBOBOB
325,64,1476469538942,4,OOBOBBBB,BOOOOOBB
326,65,1476469534930,0,OBBOBBBB,BOOBBBOB
327,65,1476469564690,1,OOOBOOOO,BBOOBOOO
328,65,1476469600815,2,BOBOBOBO,OOOBOOBO
329,65,1476469628649,3,BOOBOBBB,BOBOBOBO
330,65,1476469650693,4,OOBOOBBO,OOBOOOOB
331,66,1476469706789,0,OBBOBOBO,BOOBBBOB
332,66,1476469732534,1,OBBOBBOB,BOBBOBBO
333,66,1476469751807,2,BBBOBOOO,OBBBBBBB
334,66,1476469769895,3,OOOBBBOB,BOOOBBBO
335,66,1476469792736,4,BOBOBBBO,BOBOBOBO
336,67,1476469838835,0,BBOBBOBB,OBBBBOBB
337,67,1476469891739,1,BOOOOBBO,BBBBBBOO
338,67,1476469943026,2,BOBOOOOB,OBOBOBOB
339,67,1476469970089,3,BOOBOBOO,OOOOBOOO
340,67,1476469993601,4,OBOBBOOB,OBOOOOBB
341,68,1476470269958,0,OOOBBBOO,OOBOOBOO
342,68,1476470330529,1,BBOOBOBO,OOBOBBBB
343,68,1476470380536,2,BOBBBOBO,OBBOBOOO
344,68,1476470418761,3,BBOOBBBB,OOBOBOBO
345,68,1476470459445,4,OOBOOBOB,OOOBOBBO
346,69,1476471536882,0,BOBOBOOO,BOBBBOBO
347,69,1476471552866,1,OBBBBBBO,OBOOBBBO
348,69,1476471566385,2,OBBOOOBO,OBBBBOOB
349,69,1476471578089,3,OBBOBOOO,BOBOOOOO
350,69,1476471589465,4,BBOOOOBO,BOBBOOOB
351,70,1476471921446,0,OBOOOBOO,OOBOBOBO
352,70,1476471936093,1,OOOBBOOO,OOOOBOBO
353,70,1476471949797,2,BOOOBOBO,OOBOOBOB
354,70,1476471966725,3,BOBOOOOB,OBOBBOBO
355,70,1476471982100,4,BOBOOOOB,OBOBBOOO
356,71,1476472578748,0,BOBBBOBO,OOBOOOBB
357,71,1476472615119,1,OBBBBOBO,BBBOOOBO
358,71,1476472666381,2,BBOOOBBB,BOBBOOOB
359,71,1476472700259,3,OBBOOOBO,OOBBOBBB
360,71,1476472729551,4,OBBBOOBO,BBOBBOOB
361,72,1476472680588,0,OOOBOBBO,OOOOOBOB
362,72,1476472698948,1,BBBBBOOO,BBBOBBOO
363,72,1476472712731,2,OOOBOOOB,OBOBBOBB
364,72,1476472735050,3,OBBOOOOB,OOBOOBOO
365,72,1476472751524,4,OBOBBOOO,BOBOBOBO
366,73,1476473286980,0,BBOOBBBB,OBBBOBOO
367,73,1476473300971,1,BBBOBBOB,BBBBBBBO
368,73,1476473316523,2,OOOOOOOO,BBBOOOOO
369,73,1476473333595,3,BOBOBOBO,OBBBBOBO
370,73,1476473361163,4,BBOOBBBB,BBBBOBBO
371,74,1476473558851,0,OBBOBOBB,OBOOOBOO
372,74,1476473583642,1,OBOBOBOO,OBOBBBOB
373,74,1476473608682,2,OBBBBOOB,OBOOOBBO
374,74,1476473647360,3,OBOBOOOO,OBBBOBBO
375,74,1476473687154,4,OOBOBOBB,OBOBOOBO
376,75,1476475283389,0,BOOBBBBO,OOOBBOBB
377,75,1476475308508,1,BOBBBOBO,OBOBBBOO
378,75,1476475352558,2,BOOBBBOB,BOBBBOBO
379,75,1476475368111,3,BOBOBBOO,OBBBOBOB
380,75,1476475380141,4,BOOBOBBO,BBBBBBBB
381,76,1476475657366,0,BOBBBOOO,BBBOBBBB
382,76,1476475673971,1,BOOBBBBB,OBBBOBBB
383,76,1476475688777,2,BOOBOOOO,OBOOOOOO
384,76,1476475701635,3,OOOBOOOB,BBBBBBBB
385,76,1476475715135,4,OBOBBBOO,BOBOBOBB
386,77,1476476302239,0,OOBBOBOO,OOOOOOOO
387,77,1476476315447,1,BBBBBOBB,BOOOOBBO
388,77,1476476328111,2,OBBOOOBB,OOBOBOBO
389,77,1476476342658,3,OBBOOOBO,OOOOOOOO
390,77,1476476355934,4,BBOBBOOO,OOOOOOOO
391,78,1476477888961,0,BBBOBBOB,OBOBBOOB
392,78,1476477899209,1,BBBOBBBB,OBBBBOBO
393,78,1476477908059,2,BOBOOOBB,BOOBBBOB
394,78,1476477919045,3,BBBOOBOB,OBBOBBBB
395,78,1476477929550,4,BOOBOOBO,OBBOBBBO
396,79,1476478131157,0,OOBOOBOB,BBBOBBOB
397,79,1476478144016,1,OBBOOOBB,OOOBBBOB
398,79,1476478155080,2,OOBBOOBO,BOOBOBBO
399,79,1476478167134,3,OOBOOOBB,OBOOOOBB
400,79,1476478177427,4,OOBBBOOO,BOOOBBOB
401,80,1476478569543,0,BOOBOBBB,BOBBBBOO
402,80,1476478577001,1,BBOOBOOO,OBOOBOBO
403,80,1476478583857,2,OOOOOBBO,OOBBBBOB
404,80,1476478592451,3,BBBOBOBO,OOBBOOBB
405,80,1476478599502,4,BOOBOBBB,OBBBOOOO
406,81,1477408142682,0,BBOBBOBO,OBBOBBOB
407,81,1477408165205,1,BBOBBOBB,OBBBBBBB
408,81,1477408182898,2,BBBBBOBB,BBBBBBBB
409,81,1477408206786,3,OBOOOOOB,BBBBOOOO
410,81,1477408253185,4,OBBOBBOB,BBOBOBBO
411,82,1477408129138,0,OBBOOBOB,BOOOOBBO
412,82,1477408145472,1,OOOBBOBO,OOBBBOOO
413,82,1477408159247,2,BOOOBOBO,OBBBBBOB
414,82,1477408171537,3,BOOOOOOB,OBBBBBBB
415,82,1477408184001,4,OOOBBOBO,OBOOBOOO
416,83,1477408403577,0,OBBBBBBO,OOBOBBBB
417,83,1477408421650,1,OBBOOOOB,OBOBBBOO
418,83,1477408438833,2,OOBOBBOO,BOBBOOBO
419,83,1477408464031,3,OOOOOOBO,BBOOOOBB
420,83,1477408480679,4,BOOOOBBO,BOBBOOOB
421,84,1477408178635,0,BOOOBBOB,BBBOOBBO
422,84,1477408200099,1,OOOOBOBB,BOOOOBOB
423,84,1477408218579,2,OBOBBOOB,OOBOBBOO
424,84,1477408239359,3,BBOOBOBO,OOOOBBOB
425,84,1477408259863,4,OBBOOOOB,OOOBOOOO
426,85,1477415328394,0,BOOBBOBO,BBOBOBBO
427,85,1477415338060,1,BBBOBBOO,BOOBBOOB
428,85,1477415346852,2,BBOBOOBO,BBBBOOBO
429,85,1477415356872,3,OOBOOBOB,BBOBBOBO
430,85,1477415365895,4,BBBBOBOO,BBBOOBOB
431,86,1477408204300,0,BBBOBBOO,BBBBOBBB
432,86,1477408222245,1,BBBOOBOB,BBOBOOBO
433,86,1477408237940,2,BOOBBBBO,BBOOBOBO
434,86,1477408254572,3,OBBBOBOB,BOBBOBBO
435,86,1477408269949,4,OBOOOOOB,BOOOOBBO
436,87,1477408335714,0,OBOBBOOB,BOBOOBBO
437,87,1477408359410,1,BOOOBOBO,OOOOOBBB
438,87,1477408377241,2,OOOOOOOO,BBBOOOOO
439,87,1477408393057,3,OOBBOBOB,OOOOOOBB
440,87,1477409841466,4,OOOOOOBO,OOBOOBOO
441,88,1477408245515,0,OOOBOOBB,BBBOBBBB
442,88,1477408263660,1,BBOOBOBO,OOOOOOOO
443,88,1477408283244,2,OBBOOBOB,OOOOOOOO
444,88,1477408299837,3,BBOOBOBO,OOOOOOOO
445,88,1477408317030,4,OBBOOBBO,BBBBBBBB
446,89,1477408450792,0,BBBOOBOB,BBOBOOBB
447,89,1477408475879,1,BOOBBOOB,OBBBBBOB
448,89,1477408492359,2,OBBOOBBO,OOBBOOOB
449,89,1477408516023,3,BBOOBOBO,BBBOBBOB
450,89,1477408530735,4,OBBBOBOB,OOBOBOBB
451,90,1477462236078,0,BBBOBBOO,OBBBOOOO
452,90,1477462249086,1,OBBBBOOB,OOOOOBBB
453,90,1477462259414,2,BBOBOOOB,OOOOOBBB
454,90,1477462269150,3,OBBBBOOB,OOOOOBBB
455,90,1477462279582,4,BBBOOBOB,OOOOOBBB
456,91,1477408265477,0,BBBBOBOO,BBBBBOBB
457,91,1477408283637,1,BOBOOBBO,OOOOBOOB
458,91,1477408301532,2,OOBBOBOB,OBOBBOBB
459,91,1477408319909,3,BBBBBOBB,OBBBBBOB
460,91,1477408333635,4,BOBOOBBO,BOBOBOBO
461,92,1477408304639,0,OOBBBOOB,OBOBBBOB
462,92,1477408343417,1,OBOOOOOB,BBBBBBBB
463,92,1477408376368,2,BOOBBOBO,BBBOBBOB
464,92,1477408416551,3,OOOOOOBO,BOBBOBBB
465,92,1477408441975,4,OBBBOOBO,BBOBBOOB
466,93,1477408328313,0,OOOOOOBO,BOBBOOOB
467,93,1477408357694,1,OOBOOBOB,OOOOOOOO
468,93,1477408383253,2,OOBOOBOO,OOOOOOOO
469,93,1477408411237,3,OOOOOBOO,OOOOOOOO
470,93,1477408440100,4,OBBBOBOB,OOOOBBBB
471,94,1477408363532,0,OOOOOBOO,OBBOOOBB
472,94,1477408397907,1,OOOOOOBO,BOOOBBOO
473,94,1477408432113,2,BOOBOOBO,OBOOOOBO
474,94,1477408462735,3,BOOBOOBO,OBOOOOBO
475,94,1477408492526,4,BOOOBOBO,BOOBBOOO
476,95,1477408348623,0,BBBBBBBB,OOBBBBBB
477,95,1477408374438,1,BOOOOBBO,OBOOBOOB
478,95,1477408395355,2,BOOBBOOB,OBBOOOOO
479,95,1477408415318,3,OOBOBBBO,BBBBOOOB
480,95,1477408430702,4,BBOOBOBO,BBOOBBOB
481,96,1477408398494,0,OBBOBBOB,OOOBOBBB
482,96,1477408422815,1,BBBBOBOO,BBBBBBBB
483,96,1477408440149,2,BBBBBBBB,BBBBBBBB
484,96,1477408457186,3,BBOBOOBB,BBBOBBBB
485,96,1477408476034,4,OBBBBBBO,BBBBBBBB
486,97,1477419466533,0,OOOOOBOO,OOBOOOOB
487,97,1477419493242,1,OOBBBOOB,BOOOBBOB
488,97,1477419514553,2,OOOOOOBO,BBBOOOOB
489,97,1477419576464,3,OBBBBBBO,OOBBBBBB
490,97,1477419692967,4,BBBBBBOB,BBBBBBBO
491,98,1477408707572,0,OOOOOBOO,OBOOBOBO
492,98,1477408728115,1,OBBBOBOB,OBOBBOBO
493,98,1477408745780,2,BOOBOOBO,OOOOOOBO
494,98,1477408763963,3,OOBOOBOB,BBOBOBOO
495,98,1477408782231,4,OBBBOBOB,BOOOBOBO
496,99,1477408720040,0,OOBOOBOB,OBBBBBBB
497,99,1477408736218,1,OBBBOOBO,OBOOOBBB
498,99,1477408749170,2,BOOOBOBO,BBBBBBBB
499,99,1477408762044,3,OBBOOBOB,OBOBOBOB
500,99,1477408778809,4,OBBOOBBO,BOBOBOBO
501,100,1477408737552,0,BOOOOBBO,BBBOOOOO
502,100,1477408748411,1,BOOBBBBO,OBOOOOOB
503,100,1477408785998,2,BBOOOBBO,BBBBBOOB
504,100,1477408794642,3,OBBBOOBO,BOBBBBBB
505,100,1477408802324,4,BBBBOBOO,BBBBBBBB
506,101,1477409456440,0,BBBBBBBB,BBBBBBBB
507,101,1477409479334,1,OOBBOBOB,BOOOOOBB
508,101,1477409498728,2,OOOBOOBB,OOOOOOOO
509,101,1477409512328,3,BBBOOBOB,BBOBBOOB
510,101,1477409527594,4,OOBOOBOB,OOOOOOOO
511,102,1477408969779,0,OOBBOBOB,BBOBOOOB
512,102,1477409000200,1,OOOOOOOO,BOBBOOOO
513,102,1477409037585,2,BBOOOBBO,OBOOBOBB
514,102,1477409072360,3,BOOBBOOB,OBOOBBOO
515,102,1477409105695,4,BOOOBOBO,BBOBBBOB
516,103,1477408950824,0,BBOBOOBB,OBBBBBBO
517,103,1477408974470,1,BOOOBOBO,BBOBBBBB
518,103,1477408994698,2,BBOOOBBO,BOOOOBBB
519,103,1477409013839,3,BBBBBBOB,BBOOBBBB
520,103,1477409032931,4,OOBOOBOO,BBBBBOOO
521,104,1477408991071,0,OBOBBOOB,OOBBOBBO
522,104,1477409032411,1,OOOBBOBO,OOBOBBOO
523,104,1477409058401,2,BBBBOBOO,BBOBOOBO
524,104,1477409081791,3,OOBOBBBO,BOBBOOOO
525,104,1477409105335,4,OBOOOOOB,OBOBOOOB
526,105,1477408926052,0,OBBBBBBO,BBBBBBBB
527,105,1477409239182,1,OOBBOBOB,BBBBBBBB
528,105,1477409292325,2,OOBBOBOB,OOOOOOOO
529,105,1477409300351,3,OBBBBOOB,BOBOBOBO
530,105,1477409307935,4,OBBOBBOB,BBBBBBBB
531,106,1477408983885,0,BBOOOBBO,OOBOOOBB
532,106,1477409007980,1,BOOOBOBO,OOOOOBOB
533,106,1477409029271,2,BBBOOBOB,OBBBOOBO
534,106,1477409043828,3,BBBOBBOO,OBBBOBBB
535,106,1477409054904,4,OOOOOOOO,OBOOOOOO
536,107,1477409009536,0,BBOOBOBO,BBBBBBBB
537,107,1477409025580,1,OOBOBBBO,BBBBBBBB
538,107,1477409038562,2,OBBOBBOB,BBBBBBBB
539,107,1477409053272,3,OBBBBBBO,BBBBBBBB
540,107,1477409065988,4,BBBOBBOO,BBBBBBBB
541,108,1477409050460,0,OOOOOOOO,OBOBBOOO
542,108,1477409063117,1,BBOBOOBO,BOBOOBBO
543,108,1477409074500,2,BOOOOBBO,BOBOBBBO
544,108,1477409084676,3,OOBBOBOB,BBBOBBOO
545,108,1477409094899,4,OOBOOBOB,BOOBBOBO
546,109,1477409162315,0,BOOOBOBO,BOBOOBOB
547,109,1477409184855,1,OOBOOBOB,OOBOOBOO
548,109,1477409204235,2,BOOOOBBO,BOOBBBOB
549,109,1477409220122,3,BBBBBOBB,BOBBBOOB
550,109,1477409238501,4,BBOBOOBO,BBBOBOBO
551,110,1477409262160,0,OOOOOOBO,OBOOOOOB
552,110,1477409302235,1,OBBOOBBO,OOOBBBBO
553,110,1477409336442,2,BBBBBOBB,OOOBBBBB
554,110,1477409364161,3,OOOOOBOO,OOOOOOOO
555,110,1477409420735,4,OOOBBOBO,OOOOOBOO
556,111,1477409257615,0,BOOOBOBO,BOBBOOOO
557,111,1477409284234,1,BOOOBOBO,BOOOBOBO
558,111,1477409301939,2,OOOOOOOO,BOOOOOOO
559,111,1477409321545,3,OBBBBOOB,BOOBBBBO
560,111,1477409340964,4,OOOOBOBB,BOOOOBOO
561,112,1477409255573,0,BBOBBOBO,BBBBBOBB
562,112,1477409304989,1,BBOBOOBO,BBBBBBBO
563,112,1477409334290,2,BOOBOOBO,OBBBOOBO
564,112,1477409359626,3,BOOBOOBO,BBOOBOBO
565,112,1477409387976,4,BOOOOBBO,BBOBBBOO
566,113,1477409577773,0,BBBBBBOB,OBBBBBBO
567,113,1477409603460,1,OOBOBBOB,OOOOOBBB
568,113,1477409620964,2,OBOOOOOB,BOBOOOOO
569,113,1477409637652,3,OBBOBBOB,BOOOOOOO
570,113,1477409652622,4,OBBOBBOB,BOOOOOOO
571,114,1477409556334,0,OOBOOBOO,OOOOOBOO
572,114,1477409593159,1,OOBOBBBO,OOOOOBBO
573,114,1477409608698,2,BBBBBBBB,OOBBBBBB
574,114,1477409629501,3,BBOBOOOB,BOBOBBOO
575,114,1477409647412,4,OBBOOOOB,BOBOBOBO
576,115,1477409738554,0,BBOOOBBO,OBBBBOOB
577,115,1477409808060,1,OOOOBOBB,BBBOBBOB
578,115,1477409849085,2,BBOOOBBO,BBOOBBBO
579,115,1477409915111,3,BOOBBOBO,BBOOOOOB
580,115,1477409949052,4,BBBBBOBB,BBOOOOOO
581,116,1477409854963,0,BOOBOOBO,BBBBBOBO
582,116,1477409884136,1,BBOBBOBB,BBOOBOBB
583,116,1477409918685,2,BOBOOBBO,BBOOBBOO
584,116,1477409962597,3,BBOBOOOB,BOBOOBBB
585,116,1477409986591,4,BBOOOBBO,BBBOBBBB
586,117,1477410009446,0,OBBBBBBO,OOOBBBBB
587,117,1477410035073,1,BOBOOBBO,BOOBBBBB
588,117,1477410055053,2,BOOOOBBO,BBBBBOBB
589,117,1477410074172,3,BBOBOOBB,BBOOOOOB
590,117,1477410092797,4,BBBBBBBB,BOOBBBBB
591,118,1477410138338,0,BOOOBOBO,BOBOBBOO
592,118,1477410146601,1,OBBOBBOB,OBOBBOBO
593,118,1477410156034,2,BBOBBOBO,OBBOBOBO
594,118,1477410165978,3,BBBOBBOO,OBBBOBOO
595,118,1477410173602,4,BBBBOBOO,BOBBOOOB
596,119,1477410044865,0,BOOOOOOB,OBBOBBOB
597,119,1477410052801,1,BBBBBBOB,BBOOBBOO
598,119,1477410062059,2,OBBBBOOB,OOBBOOOB
599,119,1477410068702,3,OBBBOBOB,OOBBOOBB
600,119,1477410079803,4,OBBBOBOB,BOOOOBBO
601,120,1477410555956,0,OBBOOBOB,BOOBOOBB
602,120,1477410570541,1,OBBOOBBO,OOBBOBOB
603,120,1477410583355,2,BOOOOOOB,BOBBOOOB
604,120,1477410594863,3,BOOOOOOB,OBOOOOOO
605,120,1477410605384,4,BOBBBBBO,BBOOOOOO
606,121,1477410599953,0,OOBOBBBO,OBOBOOBO
607,121,1477410611021,1,OBBOBBOB,BOOOBOBO
608,121,1477410622327,2,OOBOOBOO,BOOBBOBO
609,121,1477410633062,3,OOOOOBOO,BOOBOOOB
610,121,1477410645053,4,BOOOBOBO,OBOBOOBO
611,122,1477410650334,0,OBBOBBOB,BBBBBOOB
612,122,1477410682590,1,BBOBOOBB,OOBBBOBB
613,122,1477410709581,2,OBOOOOOB,OOBBOOOO
614,122,1477410732813,3,BOOOBBOB,BBBBOOOO
615,122,1477410752161,4,OOOBOOBB,BBBOBOOB
616,123,1477410808018,0,OOBBOBOB,BOOOBOBB
617,123,1477410820123,1,OOOOOBOO,OBOOBBOB
618,123,1477410830799,2,BBOBBOBB,OOOOOOOO
619,123,1477410840396,3,OOBBBOOB,BOOOOOBO
620,123,1477410849362,4,OOBOBBBO,OOOOOOOO
621,124,1477411316700,0,OBBOBBOB,BOBOBBOB
622,124,1477411329444,1,OOOOOBOO,OBOOBOOB
623,124,1477411340059,2,OBBOOBOB,BBOBBOBO
624,124,1477411353038,3,BBOBOOOB,BOBOOOOB
625,124,1477411369579,4,BOOOBOBO,OOOBOOOO
626,125,1477411632606,0,BOBOOBBO,BOOOBBOO
627,125,1477411653260,1,OOOOOOOO,OOBOOOOO
628,125,1477411671548,2,BBBOOBOB,OOBBOOBB
629,125,1477411688485,3,BBOBOOBB,BBOOOBBO
630,125,1477411702823,4,BBBBOBOO,OBOBBBOO
631,126,1477412086459,0,BBOBOOOB,OBBBBBOO
632,126,1477412099490,1,BOOOOOOB,OBBOOBOO
633,126,1477412108954,2,BBOBOOBB,BOBBOBBO
634,126,1477412118345,3,OBBBBBBO,OBOBOBOB
635,126,1477412128049,4,OOBOBBOO,BOOOOOOO
636,127,1477412164136,0,BBOBBOBO,OBBOBOBB
637,127,1477412220512,1,BBBOOBOB,BOOOBOBB
638,127,1477412267239,2,OBBOOBOB,BBOOBBBO
639,127,1477412321543,3,OOBOBBOB,BOBOOBOO
640,127,1477412350038,4,OBBBOBOB,BOBBOOBO
641,128,1477412371422,0,BOOBBOBO,OBBOOOOO
642,128,1477412391793,1,BBOOOBBO,OOOOBBBO
643,128,1477412418206,2,BOOBBOBO,OBBBOOBO
644,128,1477412429083,3,OBBBBBBO,OOBOOBOB
645,128,1477412436316,4,BBOBOOBO,OBBOOOBO
646,129,1477414599295,0,BBOOBOBO,BBBBBBBB
647,129,1477414616151,1,BBBBOBOO,BOBBBBBO
648,129,1477414629881,2,OBBBOBOB,BOBBBOBB
649,129,1477414643338,3,OBBOOOOB,BOOOOOOO
650,129,1477414677451,4,OOOBBOBO,BOOOOOBO
651,130,1477414620420,0,OOOOOBOO,OOOBBBOO
652,130,1477414652565,1,BBBBOBOO,BBOBBBOO
653,130,1477414679323,2,OOBBOBOB,BBBBOBOO
654,130,1477414704378,3,OBBBOBOB,BBBBBOOO
655,130,1477414724839,4,OOBOBBBO,BBBBOOOO
656,131,1477415929080,0,OBBBOBOB,BBBBBOBB
657,131,1477415947029,1,OBOOOOOB,BBBBBBBB
658,131,1477415959871,2,OBOOOOOB,BBBBBBBB
659,131,1477415974247,3,OBBBOBOB,BBBBBBBB
660,131,1477415991640,4,OBBBBBBO,BBBBBBBB
661,132,1478129930989,0,BOOBOBBO,OBBOBOOO
662,132,1478129950930,1,OOOBBOOO,OBBBOOOO
663,132,1478129980410,2,OBOBBOOO,BOOOOBBB
664,132,1478129998836,3,BOBBBOBB,OBBBBBOO
665,132,1478130012180,4,OBOBOBBB,OBBOBOOO
666,133,1478130010115,0,OBOBOOBO,OBBOOBBO
667,133,1478130031863,1,BBOBOBBB,OBOOBBOO
668,133,1478130053534,2,OOOBOBOB,BOOBBOOO
669,133,1478130071967,3,BBBBBOBB,BOOBOBBB
670,133,1478130087525,4,BOOBOOBB,BBBOOBBO
671,134,1478129973173,0,BOOOBBBB,BBOOBBOB
672,134,1478129989927,1,OBBBOBBO,BBBBBBBB
673,134,1478130006163,2,BBBBBOOB,BBBBBBBB
674,134,1478130019610,3,OOBBOOOO,BBBBBBOB
675,134,1478130035177,4,BOOBOBBO,BOBOBOBO
676,135,1478130011799,0,OBOBOBBB,OOBOOBOB
677,135,1478130036468,1,OOBBBOOB,OBOBOOBO
678,135,1478130056139,2,OOOBBBOB,OBOOBBOO
679,135,1478130074401,3,OBBOBBBO,OOOBOOOO
680,135,1478130108230,4,BOOBBOBO,OOOOOBOO
681,136,1478130185488,0,BOBBBBBO,OBBOBOBB
682,136,1478130215938,1,BOBBOOBB,BBOBBOOB
683,136,1478130237764,2,BBOOBOBO,OBOOOBOO
684,136,1478130259881,3,OOBOOOBO,OOOOOOOO
685,136,1478130282452,4,BBOOBOBB,OBBOOBOB
686,137,1478130016742,0,BOOOBOOB,BOBOBOBO
687,137,1478130025242,1,OBOBOBOO,BOOBBOBO
688,137,1478130032649,2,BOOOBBOO,BOOBBBBO
689,137,1478130039928,3,BOBBBBOB,BOOBBOBB
690,137,1478130048408,4,BOBOBBBO,BOOOBBOO
691,138,1478130123671,0,OOBOBBBB,OOOBBBOO
692,138,1478130159615,1,OBBBOBBB,BOOBBBOB
693,138,1478130201951,2,OOBBBOBB,OOBOOOOB
694,138,1478130229167,3,OOOBBOBO,OOOOBBBB
695,138,1478130256863,4,OOBBBBOB,BOOBOBBO
696,139,1478130171552,0,OOOOOOBO,BBOOOOOO
697,139,1478130199111,1,BOBBOOBB,OBBOBBBB
698,139,1478130221052,2,OOBOOOOB,BOOBOBOO
699,139,1478130242708,3,BOBOBOBB,OOOOBOBO
700,139,1478130262052,4,BOOOBOOO,BOBBOBOO
701,140,1478130166113,0,OOBOOBBB,BOOOBBOO
702,140,1478130203277,1,OOOBBOBO,BOBBBBOB
703,140,1478130240608,2,BBBBBOBO,BOOOOOOO
704,140,1478130267830,3,BBBBBBOB,BOOBOOOO
705,140,1478130288643,4,OBOOOBOO,BBOBBOOB
706,141,1478130139903,0,OOOBOOOB,OBBOOBOB
707,141,1478130161475,1,OOBOBOOB,OBBBOOBB
708,141,1478130179551,2,BOOOOOOB,BOBBOBBB
709,141,1478130198052,3,OBBBOBOB,OOBOOOBB
710,141,1478130215020,4,OBBOOBBB,OOBBOBOB
711,142,1478130129171,0,BOOOBBBO,BBOBOBOB
712,142,1478130139995,1,OOBBBBOB,OBOBBBOO
713,142,1478130149427,2,OOOBBOOB,BBBBBOOO
714,142,1478130158316,3,OBBBBBOB,BOOOOOOO
715,142,1478130167451,4,OOBBBBOO,BBBBBBBB
716,143,1478130300293,0,BOBBOOBO,OOOOOOBB
717,143,1478130355674,1,BOBOOOBB,BOBBOBBB
718,143,1478130390386,2,BOBBBOBB,BBOOBOOB
719,143,1478130419162,3,OBBBBOOB,OBOBBOOB
720,143,1478130463006,4,BOOBBOOB,OOOBBOOO
721,144,1478130391035,0,OBOBOBOO,OOBBOBOB
722,144,1478130432820,1,BOOBBOOO,OOBBOOOB
723,144,1478130477704,2,OBOOBOOO,BBBBOOBO
724,144,1478130522157,3,BOBBOBBB,OOOBOBBO
725,144,1478130552357,4,BBBBBOBO,BOOBBOOB
726,145,1478130419773,0,OBBOOBOO,OOOOOOOO
727,145,1478130428276,1,OOOOOBOO,OOOOOOOO
728,145,1478130434303,2,OBBOBOOB,OOOOOOOO
729,145,1478130440092,3,BBBOBOOB,OOOOBBBB
730,145,1478130446620,4,BOOOBBOO,OOOOOBBB
731,146,1478130501549,0,OOBBBOBB,BBOOOBBB
732,146,1478130518614,1,OBBOBBBB,OOOBBBOO
733,146,1478130536261,2,BOBBOBBO,OBBBBBBB
734,146,1478130549463,3,OBBOOOOO,OOOBBBOO
735,146,1478130558969,4,OOBOBBBB,BBBBBBBB
736,147,1478130530227,0,OBOBOOOB,OOBBOBOO
737,147,1478130553258,1,BBBOBOBO,BBOBBOOO
738,147,1478130573627,2,OOOOOBBO,OBOOOOOB
739,147,1478130592046,3,OOOOOBBO,BOOOBOOB
740,147,1478130607368,4,BOBBOBOO,OOOOBOBB
741,148,1478130575939,0,OBBBBOOO,BOOBBBOO
742,148,1478130621874,1,BBBBBOBO,OBOBBBOO
743,148,1478130655267,2,BOOBBBOB,OOOOBOBO
744,148,1478130677026,3,OOOBBBOO,BOOOBBOO
745,148,1478130736202,4,OBOBBOBO,OOBBOOBO
746,149,1478130721339,0,OOOBOBBO,OBOBOOOO
747,149,1478130743556,1,BBOBBOOB,OOOBBBOB
748,149,1478130767652,2,OOOBOOOO,OOOBBBBB
749,149,1478130799437,3,OOOBBOOO,OBBBOOOO
750,149,1478130816414,4,BBBBOBOO,BBBOOBOB
751,150,1478130719125,0,OBOBOBBB,BBBBBBBB
752,150,1478130732204,1,OOOBBBBB,BBBBBBBB
753,150,1478130742660,2,OOBBOBBB,BBBBBBBB
754,150,1478130754412,3,OOOBBOBO,BOBOBOBO
755,150,1478130763564,4,BBBBOBBO,BBBBBBBB
756,151,1478130888487,0,BBBBOOOB,OBOOBBOO
757,151,1478130919622,1,BBBBOBOO,BBOOBOBB
758,151,1478130945655,2,OOBOOOBB,OOOBOBBO
759,151,1478130971629,3,BBOOBOOO,OBBOBBBO
760,151,1478131010293,4,BOBBOBOO,BBOOOBBB
761,152,1478131018241,0,BBBOBBBO,OBBBOOBO
762,152,1478131040828,1,BOOOOOOO,OBBOOOOO
763,152,1478131058859,2,OOBBBBBB,BOOBOBBB
764,152,1478131075029,3,OOBOOOOO,BOOBOOOO
765,152,1478131092213,4,BOBBOBOB,BBOOBBBB
766,153,1478131091393,0,BOBOBOBB,BBOOBOBO
767,153,1478131114553,1,OOBOBOOB,OBOOBOOB
768,153,1478131138272,2,BBOBBOOO,BBOBOOBO
769,153,1478131157072,3,OOBBOBBB,BOBOOOBO
770,153,1478131175625,4,OOOOBBOO,BOOBOBBB
771,154,1478131129858,0,BOBBBOBO,OBBOBBBB
772,154,1478131151496,1,OOBBOOOO,OOBOOOOO
773,154,1478131167745,2,BBBOOBOB,BBBBBBBB
774,154,1478131180012,3,OOBOOOBB,BBBBBBBB
775,154,1478131193890,4,OBOOOBOO,BBBBBBBB
776,155,1478131142066,0,OOOOOOOO,OBOOOOOO
777,155,1478131152970,1,BOOOOBOO,OBOBOOOB
778,155,1478131166594,2,BOOOOOOB,OOBOOOOO
779,155,1478131180170,3,OBBBOBOB,OBOBBOBO
780,155,1478131190066,4,BOBOOOBB,OBOBOOOO
781,156,1478131203131,0,BBBBOBOB,OOBBBOOO
782,156,1478131225367,1,BOBOBOBB,BBOBBOBO
783,156,1478131243382,2,OBBBBOBO,OBOBBBOB
784,156,1478131277392,3,BBOOOBBO,OOBOOOBO
785,156,1478131290288,4,BOOOOOOO,OOBOBBOO
786,157,1478131246863,0,BBOOOBBB,OBBOBOBB
787,157,1478131296008,1,BBOOBOOO,OBBBBBBO
788,157,1478131334678,2,BOBBOBOO,BBBBBOBB
789,157,1478131377161,3,BBBOBOOO,BBBBBBBB
790,157,1478131325046,0,OBOBBOBB,BBOBOBOO
791,158,1478131391135,1,BOOBOBBO,OOBBBBOO
792,158,1478131440660,2,OOBOBOBB,BBBBOBBO
793,158,1478131473964,3,BOBOBBOO,BBOBBOOO
794,158,1478131506898,4,BBOBOBOO,OOOBOBOO
795,158,1478131340527,0,BOBBOOOB,OOBOOOBB
796,159,1478131381621,1,BOOOOOBB,OOBBBBBB
797,159,1478131418061,2,BBOBOBOO,BOBBOBBO
798,159,1478131509302,3,BBOOBOOB,OOBOBBOB
799,159,1478131542952,4,BBOOBOOO,BOOOBBOB
800,159,1478131388685,0,BOOOBOOO,OBBOOOOO
801,160,1478131413296,1,OOOBOOOO,BBBBBBOO
802,160,1478131435961,2,OOOOBOOO,OBOBOBOB
803,160,1478131460119,3,OOBOOBOB,BBOOOOBO
804,160,1478131480356,4,OOOOBBBO,OOOBOBOB
805,160,1478131396273,0,OOOOBBBB,OOOOOBBB
806,161,1478131416442,1,BOOBBOBB,OBBOOBBO
807,161,1478131436954,2,OBOOBBBB,BOOOOBBB
808,161,1478131453999,3,OBOBBOBO,BOBBBBOO
809,161,1478131469982,4,OBBOOBOB,OOBBOOBO
810,161,1478131570191,0,BOOBOBBO,BOBBBOOO
811,162,1478131600520,1,OOBBOOBO,OBBOOBBB
812,162,1478131633814,2,OBOBBOOB,BBOOBBOO
813,162,1478131665249,3,BOBBBBOB,BBOOOOOO
814,162,1478131700747,4,OBBOOBOB,OBBOBBOO
815,162,1478131830914,0,BOBBOOBB,BBOBBOBB
816,163,1478131855368,1,OOBOBOOB,BBBBBBBB
817,163,1478131874943,2,BBBOBOOB,BBBBOBOO
818,163,1478131895721,3,BBOOBBOO,BOBOOBOO
819,163,1478131932402,4,OBOBOBBB,BOBBOBOB
820,163,1478131885611,0,BBBBBOBO,BOBBBBOO
821,164,1478131895517,1,BOBBBOOB,BOBBOBBO
822,164,1478131911398,2,OOBOOOBO,OBOBOBBO
823,164,1478131933086,3,OOOOOBOO,OBBOBBBO
824,164,1478131941892,4,OOBBBOBO,BOBOBBOB
825,164,1478131892375,0,BBOBOOBB,BBBBBBBB
826,165,1478131914680,1,OOBOOBBO,BOBOBBBB
827,165,1478131932519,2,OBOOBBOO,BOBBBOBO
828,165,1478131949118,3,OBOOOOBO,BOOBBBBB
829,165,1478131956907,4,OOBOOOBO,BBOOBOBB
830,165,1478132063886,0,BOOBOBBB,BOBBBOBB
831,166,1478132078486,1,BOOBBOOO,BOOBOOOO
832,166,1478132093529,2,BBBOOOOO,OBBOOBOB
833,166,1478132105493,3,BBBOBOBO,BBOOOBBB
834,166,1478132116930,4,BBOOBOOB,BBOOBOOO
835,166,1478132182538,0,BOBBBOOO,OBOBBBOB
836,167,1478132195260,1,OBOBOBBB,OBOOOBOO
837,167,1478132208511,2,OBOBBOBB,BOBOBOOB
838,167,1478132220844,3,OOOOBBOB,OBOOOOBO
839,167,1478132232532,4,OOBBBOBB,OBOBOBOO
840,167,1478132595767,0,OBOBOBOB,OBOOBOBB
841,168,1478132614319,1,BOBBBBOO,BOBOOBBO
842,168,1478132628691,2,BBBBBBOB,BOBBBBBO
843,168,1478132643302,3,OOBOOBOB,OBOBOOBO
844,168,1478132656837,4,OBBBBBOO,BOOBOOOO
845,168,1478132610831,0,OOBOBOBB,BBOBOOOO
846,169,1478132627361,1,BOOOOBOB,BOBBOOOO
847,169,1478132641020,2,OOOBBOOB,BOOOBBOO
848,169,1478132652309,3,OOOOOOBB,BBBBOOOB
849,169,1478132666571,4,BOBOBOOB,OOOBOBOO
850,169,1478133003146,0,OOOBOOBB,OOOOBOBO
851,170,1478133026280,1,OOBOBOOO,OOBOOBOB
852,170,1478133053226,2,BOOOOBOB,OOOBOBOO
853,170,1478133066556,3,BOOBBOOO,OOOBOOBO
854,170,1478133081525,4,OBBOOBBB,OOBOOBOB
855,170,1478133443724,0,BBBOOOBB,BBOBBBBO
856,171,1478133465978,1,BBOOBBBO,BBOBBBOO
857,171,1478133487945,2,BBBBOBBB,BBBOOOBB
858,171,1478133509067,3,BBBBBBBB,BBBOOOBB
859,171,1478133531926,4,OOBOOBBO,BBOBBBBO
860,171,1478133466693,0,BBBBOBOB,OBBBBOBB
861,172,1478133489427,1,BBOOBOBO,BBBBOOOO
862,172,1478133505861,2,BBOOOOBO,BBBBOOBO
863,172,1478133528556,3,BBBOOBOB,BBBBOOBO
864,172,1478133552152,4,OBBBBBOB,BOOBBBBB
865,172,1478134608892,0,BBBBOBBO,BBOBBOBB
866,173,1478134652618,1,BOOBOBOO,BBBOBOOB
867,173,1478134697795,2,OOBBOBOO,BBOBBOBO
868,173,1478134740966,3,BOOBBBBO,OOBOBOOB
869,173,1478134777502,4,BOOOBOBO,BBOBOBOB
870,173,1478559515097,0,BOOOOOOO,OBOOOOOO
871,174,1478559542064,1,OOBBBBOO,OOOBBBBB
872,174,1478559567752,2,BOOBBBOO,OBOOBBBO
873,174,1478559590221,3,BBBOBOBB,OBBBOBBO
874,174,1478559610863,4,OBBOBOOB,OBBBOBBO
875,174,1478559549888,0,BOOOOOBB,OOOOOOOO
876,175,1478559580743,1,OOBBOOBO,BBOBBBBB
877,175,1478559606463,2,OBBOBOBO,BOBOBOBO
878,175,1478559635682,3,BBBOOBBO,OBOOOOBB
879,175,1478559661253,4,BOBOOOBO,OBOBBOOB
880,175,1478559489222,0,OOOBOBBB,OOBOBBBB
881,176,1478559507061,1,OOOBBOOB,OBBBBBOO
882,176,1478559527179,2,BBOOOOBB,OBBOOBOO
883,176,1478559545907,3,OBBBBOOO,OOOOOOOO
884,176,1478559559173,4,OBOBOOOO,OBOBBBBB
885,176,1478559580125,0,BBOBOOOO,OOBBBBBB
886,177,1478559614527,1,BBOBOBOB,BBOBOBOO
887,177,1478559641130,2,OBOBBOBB,BOOBOOOO
888,177,1478559669353,3,OOOOOBBO,BBBOOOBB
889,177,1478559736689,4,BOBOOBOO,BOBOBBOO
890,177,1478559656798,0,BBOOOOBB,BBBOBBOB
891,178,1478559682013,1,BBBOOOBO,OBOBOOBB
892,178,1478559713761,2,OOBBBOBO,BBBBOBBB
893,178,1478559733952,3,BOBBBOBB,BBBBBBBB
894,178,1478559753776,4,OBBBOBBO,OOOOOOOO
895,178,1478559674031,0,OBBBOBBO,BOOOBOOO
896,179,1478559698240,1,BOBOOBOB,OOBOBBOO
897,179,1478559716973,2,BBBBOOOO,OBOBOBOO
898,179,1478559738692,3,BOBOOOBB,BOBOBBBO
899,179,1478559759305,4,BBOOOBOO,BBBOBOBO
900,179,1478559658117,0,BBBOBOBB,OOBBBBBO
901,180,1478559674189,1,OBBBBOBB,OOOBBBBO
902,180,1478559690588,2,OOOBBBBO,OOOOOOBB
903,180,1478559702300,3,OOBOOOOO,OOOOBBOO
904,180,1478559719180,4,BBBOBOOO,OBOOOOOB
905,180,1478560605278,0,OOBOBOOO,BOOBOOBB
906,181,1478561104382,1,BOBOBBOB,BOOOOOBB
907,181,1478561762254,2,OBOOOOBB,OBOOBBOB
908,181,1478562257950,3,BOBBBBOB,OOBOBOOO
909,181,1478562465125,4,OOBOBOOB,OOBOBBBO
910,181,1478559749390,0,BOBBOBOB,OBBBBBBB
911,182,1478559765122,1,BOBBBBBB,BBBBBBBB
912,182,1478559780839,2,OOOOOOOB,BBOOOOOO
913,182,1478559798733,3,OBOBOBBO,BOOOOBOB
914,182,1478559815550,4,OBOOBBOB,BOOBOOOO
915,182,1478559842313,0,OOOOBBBO,OOOOOOBB
916,183,1478559866786,1,OOOBBBOB,OOOOBBBO
917,183,1478559878644,2,BBBOOBOO,OBBBOBBO
918,183,1478559889318,3,BOBBBOOB,OOBBOOBO
919,183,1478559899650,4,OBBBOBBB,OBBOBOBB
920,183,1478559860650,0,OBOBBBBO,OOOBOOOO
921,184,1478559886844,1,BOOOBBBB,OOBOOBOO
922,184,1478559908665,2,OOOOBBOB,OBBBBOOB
923,184,1478559931521,3,BBBBOBBB,OBOOOBBO
924,184,1478559953232,4,BOBOOOOO,BBOBBOOB
925,184,1478559851392,0,OOOOBBOB,OBOBOBOO
926,185,1478559869247,1,BOOBBBBB,OBOOBBBB
927,185,1478559883791,2,OOBOOBBB,BOBBBOBB
928,185,1478559899615,3,BBBBBOBO,BOOBOBOB
929,185,1478559911542,4,BBBBBOOO,OBOBBBOB
930,185,1478560077832,0,BBBOOOBO,OBBOOBOB
931,186,1478560097998,1,OOOBBOOB,OOOOBBOO
932,186,1478560115367,2,BBBOOBBB,BBBBOOBB
933,186,1478560139977,3,OBBBOOOO,OOOBBOBO
934,186,1478560160417,4,BOBBBOOO,BBOOBBOB
935,186,1478560480409,0,OOBBBBBO,OBBOBOOO
936,187,1478560518433,1,OBOOBOBB,BBOBBOBB
937,187,1478560569626,2,OBOOOBBO,BOBOBBOB
938,187,1478560602533,3,BOOOBBOB,OOBBBOBO
939,187,1478560647171,4,OOOBOBBB,BBBBBOBO
940,187,1478560148022,0,BOBBBBOB,BBBOBBBO
941,188,1478560158275,1,OOBOOOOB,OBOOOOOO
942,188,1478560166370,2,OBOBBBBO,BBBBBBBB
943,188,1478560174695,3,OOOBOOOB,BOOBOBOO
944,188,1478560197019,4,OBOOOOBO,OBOOBOOB
945,188,1478560306516,0,BOOOBBOO,OBBOOOOO
946,189,1478560321227,1,BOBOBBOB,BBBBBBBB
947,189,1478560422192,2,OBOBBBBB,BOOOOOBB
948,189,1478560450856,3,BBBBOOOB,BBBBBBBB
949,189,1478560472023,4,BOBOOOOO,BBBBBBBB
950,189,1478560396549,0,OOBBOOBO,BBOBBOOO
951,190,1478560428940,1,OOBBBOBB,BOOOOOOO
952,190,1478560466834,2,BBOBOBOO,BOBBOOBO
953,190,1478560491537,3,BBBBBBBO,OBBOBBBB
954,190,1478560517350,4,OOBOOOOB,OBOOOBOO
955,190,1478560420156,0,OBBOBOBB,OOOBOOOO
956,191,1478560445760,1,OOOOBOOB,BBBOBBBB
957,191,1478560457407,2,BBOOBBOO,BOOBBBBB
958,191,1478560471677,3,OBOOOOOO,OOBOBOOO
959,191,1478560493762,4,BBOBOBBB,OBOBBOBB
960,191,1478560476910,0,OBOBBOOO,OBBOOBOO
961,192,1478560536217,1,BOBOBOOB,OBBOBBOO
962,192,1478560557811,2,BOBOOOOO,OOBBOOBO
963,192,1478560580693,3,OOBBOOBB,OBOBBOOB
964,192,1478560604312,4,OOOOBOBO,OBBOBBBB
965,192,1478560895436,0,OBOBBOOO,OOOBOOBB
966,193,1478560931964,1,BBBBOBBO,OOBBBBBB
967,193,1478560960491,2,BBOBBBBB,OOBOBBBB
968,193,1478560985386,3,OBBBBOBO,BOBBBBBB
969,193,1478561012932,4,OOBBBOOO,BBOBBBBB
970,193,1478560803567,0,OOOOOBOB,OBOOOBOB
971,194,1478560822638,1,OBOOBBBB,OBOBOBBO
972,194,1478560831915,2,BOBOOBBB,OOOBBOBO
973,194,1478560840976,3,BOBBBBOO,OOOBBBBO
974,194,1478560850503,4,OBOBOBBO,OBBBOOBO
975,194,1478560830403,0,OOOOBBOB,OOOBOOOB
976,195,1478560853320,1,OBOOBBBO,OOBOBOBO
977,195,1478560865801,2,BOBBOOBO,BBOOBOOB
978,195,1478560878371,3,OBOOBBOB,OOBOBOOB
979,195,1478560892766,4,OOBOBOOO,BBOOBOOB
980,195,1478561008158,0,BBOOOBBB,BBOBBOBO
981,196,1478561022598,1,OOOBBBOO,BOOBBBOO
982,196,1478561035790,2,OBBBOOBO,BOOOOOOB
983,196,1478561048606,3,OOOBBOOB,BBBBBBOO
984,196,1478561064886,4,BOBOOBOO,OOOOOBOB
985,196,1478561331255,0,BOBOOBOB,OBOBBBBB
986,197,1478561356704,1,BBBBBOOO,OOBBBBBB
987,197,1478561389063,2,BOOOBBBB,OOOOOBBB
988,197,1478561410577,3,BBOBOBOO,BBBBBBBB
989,197,1478561433040,4,BBOOBBOO,BBBBBBBB
990,197,1478561441178,0,BOBOBBOO,BOBOBOBO
991,198,1478561459249,1,OBOOBBOO,OBOBOOOO
992,198,1478561471499,2,BBOOBBBO,BOBOOBBB
993,198,1478561484131,3,BBOBBBBO,OBOOBOBB
994,198,1478561499347,4,OOOBOBOO,BBBOBBBO
995,198,1478561536019,0,BBBBOBOB,BOOBBOBO
996,199,1478561551866,1,BOBBBBOO,BBOBBBBB
997,199,1478561569735,2,OOBBBBBB,BOOBBBBB
998,199,1478561585232,3,OBOBBBOO,OBOOBBBO
999,199,1478561599720,4,BBBOOOOB,BBOBBOOB
1000,199,1478561680245,0,OOOOOOOB,BBOBOOOO
1001,200,1478561704005,1,BOBOOOBO,OBOBOOBO
1002,200,1478561727533,2,OBBOBBOO,OOBBOBBO
1003,200,1478561746149,3,BBOOOBBB,BOBOOBOB
1004,200,1478561762420,4,OBBOBBBO,BBOBOBBB
1005,200,1478562009899,0,BBOBBOOB,OBBOBBOO
1006,201,1478562031796,1,BBOOOBOB,OOOOBBBO
1007,201,1478562049863,2,BOOBBBOB,BBOOBBOO
1008,201,1478562065576,3,BOBBOOOO,BBOBBOOO
1009,201,1478562086504,4,OOOBBOBB,BOOBBOBB
1010,201,1478562096577,0,OOOOOOOB,BOBBBOOO
1011,202,1478562107127,1,BOOOOBOO,OBBBOOBO
1012,202,1478562117208,2,BBOOOOOO,BOOBBOBB
1013,202,1478562127327,3,BOOBOOOB,OBBBBOOO
1014,202,1478562136569,4,OBBBOOOO,OOOOBBBB
1015,202,1478562136505,0,BBOBBBOO,BBBBOBBB
1016,203,1478562161280,1,OBOOOOBB,BOBBBOOB
1017,203,1478562185520,2,OOBOBOOO,OBOBBBBB
1018,203,1478562206208,3,OBBOOOBB,BOBBBOOO
1019,203,1478562230914,4,OOBOOOOO,OOBBOOOB
1020,203,1478562261828,0,BBBBBOOB,OBBOBBOO
1021,204,1478562275553,1,BBBBBBBO,OBBBBOBO
1022,204,1478562290561,2,BBBBOOBO,OBBBBBOB
1023,204,1478562305297,3,OBOOBBBB,OOOOBBOB
1024,204,1478562322257,4,OOOBOBOO,OBOBBOBB
1025,204,1478562273035,0,BOOBBBOO,BOBBBOOB
1026,205,1478562292586,1,OBBBOOBB,BBOOOOBB
1027,205,1478562308704,2,BOBOBOOB,BBOOOBOO
1028,205,1478562326092,3,OBOBBBOB,BBBBOOOB
1029,205,1478562341942,4,BOOOBBBB,OOOBBOOO
1030,205,1478562378038,0,OBOOBBOO,BOOBOOBB
1031,206,1478562416605,1,BBOBBBBB,BOBOOOBB
1032,206,1478562444467,2,OOOBOOBO,OBOBOBOB
1033,206,1478562478817,3,BOBBBOBO,BBOBBBOB
1034,206,1478562498622,4,OBOOBOOB,BOBBOBOB
1035,206,1478562854931,0,BOOBOOBB,OOBOBOBO
1036,207,1478562874995,1,OOBOOOBB,BOBBOBOB
1037,207,1478562895779,2,OOOOBBOO,BBOBOBBO
1038,207,1478562917163,3,OBBBOBOO,BOOBOBBO
1039,207,1478562942355,4,BOBBOOOB,BOBOOOBO
1040,207,1478562878353,0,BBOBOBBO,BBOBOOOB
1041,208,1478562900200,1,BBBOBOBO,BBOOBOOO
1042,208,1478562920575,2,OBOBBOBO,BBOOOOOB
1043,208,1478562935762,3,BOBOBBOB,OOBBBBOB
1044,208,1478562955865,4,OBBOBOBO,OOOOOOOO
1045,208,1478563070698,0,BBOOOOOO,OOBBBBBB
1046,209,1478563088231,1,BBBOOBOO,OBBOOBOB
1047,209,1478563105789,2,BOBOBBBO,BOOBBBOO
1048,209,1478563119805,3,BOOOBOOB,OBBBBOOB
1049,209,1478563131797,4,OBBOOOBB,OOBBOOOB
1050,209,1478563209789,0,BOOBOOOB,BOBOBOBB
1051,210,1478563236621,1,OBOOBBBO,BOOOBOBO
1052,210,1478563247206,2,OBOBOOBB,BOBOBOOO
1053,210,1478563263797,3,OBOBBBBB,OBOBBOBB
1054,210,1478563278532,4,BBBOBOOO,OBBBOBOB
1055,210,1478564113109,0,BBOOOOOB,OBBBOBOO
1056,211,1478564128598,1,OOOBBBOO,BOOOBOBO
1057,211,1478564143848,2,BOOOOOBB,OBOOOOBO
1058,211,1478564184732,3,BOBOBBBO,BBOOOBOB
1059,211,1478564197260,4,BOBBBBOO,OOBOBBOB
1060,211,1478564586220,0,OBBOBBOO,OBBOOBOB
1061,212,1478564611541,1,BBBOOBOO,OOOBOOBO
1062,212,1478564636169,2,OOOOOBBB,BOOBOOBO
1063,212,1478564656308,3,OBBOOOBB,OOBOOBOB
1064,212,1478564673380,4,OBOOOOOO,BOOBOOBO
1065,212,1478566845134,0,BOBBOBOO,OBOBBBOB
1066,213,1478566887890,1,OBBBBBOB,OBOBBOBO
1067,213,1478566895436,2,OBOBOBBO,OBOBOBOB
1068,213,1478566902316,3,OOOOBOOO,OBOBOBOB
1069,213,1478566909519,4,BOOOOBOO,OOBBOBBO
1070,213,1478567603037,0,BOBOOBBB,BOBOBBOB
1071,214,1478567647617,1,BOBBOBBB,BBBOOOBB
1072,214,1478567688600,2,BBOBBOOO,BBOOOOOB
1073,214,1478567725860,3,OOBBOOBB,OOOBBOBB
1074,214,1478567851966,4,BBBOOOOO,OBOOOBBB
1075,214,1478568160325,0,OOBOBOBO,OOOOBBOO
1076,215,1478568203163,1,OBBBOOOB,BBBOOOOB
1077,215,1478568241043,2,OBOBOOBO,OBBBBOBO
1078,215,1478568281394,3,BOOBBOBB,OBBBOOOB
1079,215,1478568313343,4,BBBOBBBO,OOOBBOOO
1080,215,1478568532481,0,OBOBBBBB,OBBBOOOB
1081,216,1478568553566,1,BOOOBBOO,OBBOOBBO
1082,216,1478568572173,2,BOBBOBBO,OBBOOOBB
1083,216,1478568588969,3,BOOOOBOB,OBBOOOBB
1084,216,1478568617240,4,OOBBBBBB,BBBOBBOO
1085,216,1478568617911,0,BOBOBBOO,OBBOBOOB
1086,217,1478568654846,1,BBOBOBBO,BOBOBBBO
1087,217,1478568690507,2,OBOOOBBO,OOOBOBOB
1088,217,1478568720861,3,OBOOBBOB,OOOBOOOO
1089,217,1478568749106,4,OOBOBOBO,OBBBBOBO
1090,217,1478570473090,0,BBOOBBBO,OBBBBBOB
1091,218,1478570503755,1,OBOOBBOB,OBBOOOOO
1092,218,1478570524667,2,BOBBOOBB,OBOOOBOB
1093,218,1478570538096,3,BOBOOOBO,OOOOOBOB
1094,218,1478570549695,4,OOBBBBBO,OBOBOOBB
1095,218,1478570140195,0,BBOBBBBO,BBBOOOBO
1096,219,1478570160079,1,BBOOOBBB,OBBBOOBB
1097,219,1478570178247,2,BBOOOOBO,OBBOBOOB
1098,219,1478570196491,3,BOBOBBBB,OBOBBBOB
1099,219,1478570211362,4,OBOOOOBO,OOBBOBOB
1100,219,1478570193702,0,BOBOOBOB,OBOOBBOB
1101,220,1478570225313,1,OOOOOBBB,BBOOBOBB
1102,220,1478570246315,2,OOBBOOBO,BOBBOOBB
1103,220,1478570265162,3,BOOOBOOO,BBOBOOOO
1104,220,1478570282859,4,OOOOBOOO,BBOOBBBO
1105,220,1478570647801,0,BBOOBBOO,BBOBBBOO
1106,221,1478570679775,1,BBOBBOOO,BOBOBBOB
1107,221,1478571006509,0,BOOOOOOO,BBOBBOBB
1108,221,1478571021721,1,BBBBOOBO,BOBBBOOB
1109,221,1478571033890,2,BBBBBBBO,BBBBBBBB
1110,221,1478571047563,3,OOBBOOBB,BOOBOBOO
1111,222,1478571058938,4,OOBOOOOO,BOOBOOOO
1112,222,1478571169035,0,OOBOBOBO,OBOOBOOB
1113,222,1478571214306,1,BOBBBOOB,BBOOOBOO
1114,222,1478571244962,2,OBBOOBOO,OOOBOOBO
1115,222,1478571285474,3,BOBBOBOO,BOBOOBBO
1116,223,1478571317314,4,BBOBOBOB,OBBOOBBO
1117,223,1478571210589,0,BOBBBOBB,OOOOOBOO
1118,223,1478571248269,1,BOOOBBBO,OBBBBOOB
1119,223,1478571285677,2,OOOBBBOB,BBOBOBOO
1120,223,1478571314541,3,BBBBOBBB,BBBOOBBB
1121,224,1478571354548,4,OBOOOBBO,OBBBOBBB
1122,224,1478571416867,0,BOOOBOBB,OOBBOOOB
1123,224,1478571439987,1,OBBOOBOO,OBBOOBBB
1124,224,1478571455379,2,OBOOBOOO,OOOBBBOO
1125,224,1478571469907,3,BBBBOOBB,OBOBBOOO
1126,225,1478571484487,4,BOOOBOBB,OOBOOOBO
1127,225,1478571411959,0,BBBOOBBB,OBOBOBOB
1128,225,1478571433629,1,OBOBBOOO,BOBOBOOB
1129,225,1478571449468,2,BBBBOOOB,OBBOBOBB
1130,225,1478571463772,3,BBOOBOBB,OBOBOBOB
1131,226,1478571476268,4,OBBOOOOO,OBBBBBBO
1132,226,1478571534330,0,BOBBBBOB,OBOBBOBB
1133,226,1478571548675,1,OBBBBBBB,OBBOBBBB
1134,226,1478571559519,2,BBBOOOBO,BOOBOBBO
1135,226,1478571568102,3,BBBOOOBB,BBBOOOOO
1136,227,1478571577454,4,BBOOOOOB,BBBOOOOO
1137,227,1478572063332,0,BOBOOOOB,OBOOBBOO
1138,227,1478572091271,1,OBOOBOOB,BOOBOBBO
1139,227,1478572132793,2,BOBBOOBO,OBOOBOOB
1140,227,1478572158257,3,BBBOBOBO,BBBBOBBO
1141,228,1478572191814,4,OOOBOBBB,OBOOBOBB
1142,228,1478572114495,0,OOBBOOOB,BBOBOOBB
1143,228,1478572140608,1,OOBOOOOO,BBOOOBOO
1144,228,1478572165178,2,BBBOBOOO,OOOOOBOB
1145,228,1478572191561,3,OBOBBBOB,OOOOBBOO
1146,229,1478572213726,4,OBBBBOBO,OOBOBBOO
1147,229,1478572750828,0,BBOBBBBO,BBOOBOOB
1148,229,1478572775748,1,OBBOOOBO,OOOBBOOO
1149,229,1478572795137,2,BOBBBOOB,BBOOBBBO
1150,229,1478572810154,3,OOOOBBBO,OBOOOOBB
1151,230,1478572827518,4,OBBBOBBO,BOBOBBBB
1152,230,1478573752584,0,OOBOOBBB,BBOOOBOO
1153,230,1478573780735,1,OOOBOOOB,OOBBBOOB
1154,230,1478573808823,2,BBBBOOBB,OBOOOBOB
1155,230,1478573839191,3,OBOOOBOO,BBOBOOBO
1156,231,1478573876399,4,BBBOBOOB,OOOOOBOO
1157,231,1478573815942,0,OOOOBOOB,BOOOOBOO
1158,231,1478573854279,1,BOOOOBBB,BBBOOOOO
1159,231,1478573884755,2,OBOBBBBO,BOBBOBBB
1160,231,1478573924847,3,OBBOOBOO,BBOBOOBO
1161,232,1478573948955,4,BOOOOOBB,BOBOOBOO
1162,232,1478573953453,0,OOOOBOOO,BOOOOBOO
1163,232,1478573974819,1,BOOOBBBO,BBOOOBBO
1164,232,1478573993285,2,BBBBOBOB,OBBOOOOO
1165,232,1478574007847,3,OOOBBOOO,OOBOBOOO
1166,233,1478574023658,4,OBBOBBBB,OOBOOBOB
1167,233,1478574462682,0,OOBBBBOB,BBBOOOBB
1168,233,1478574491121,1,OBBBBBBB,OOOBBBOB
1169,233,1478574516296,2,OBOBOOOO,BBBBOBBO
1170,233,1478574544671,3,BOOBOBOB,BBBOBOBB
1171,234,1478574569094,4,BBBOOOBO,OOOOOOBB
1172,234,1478574614398,0,BOBBBBOB,BBOBBBBB
1173,234,1478574680958,1,BOBBOBBO,BBBBBBOB
1174,234,1478574713146,2,BOBBOBOB,BOBOBBOB
1175,234,1478574760518,3,BBOBOBOB,BOOBOBOB
1176,235,1478574835127,4,BBBOOBBO,BOBOBOBO
1177,235,1478574917619,0,BBBOOBOO,BBBBBOBB
1178,235,1478574944443,1,OBOOBBBO,BBBBBBBB
1179,235,1478574966128,2,OOBBOOOB,OOOOOOOO
1180,235,1478574988310,3,BOBOBBBB,BBBBBBBB
1181,236,1478575009554,4,BOOBBBOO,BBBBBBBB
1182,236,1478574976832,0,OOOBBOBB,BBBBBOOO
1183,236,1478575002775,1,BBOOBBOO,BBOOOOOB
1184,236,1478575023199,2,OBBBBBOO,BOOOOOBO
1185,236,1478575039103,3,OOOBBOOO,OOOBBOOB
1186,237,1478575054744,4,OOOBOBBO,OOBOBOOO
1187,237,1478575165266,0,BBBOOOBB,OBBBOOBB
1188,237,1478575199881,1,OBOOBBBO,OOOBOOBO
1189,237,1478575220618,2,BBBBBBBO,OBBBBBBB
1190,237,1478575242648,3,OOOBOBOB,BOOOBOOB
1191,238,1478575262269,4,BBOOBBOB,BBBOOBBO
1192,238,1478575321789,0,OBBBOBOO,OOBOBBBB
1193,238,1478575350849,1,BBBOOOOB,OOOOOOOO
1194,238,1478575376431,2,BOOBOOOB,OBBBBBBB
1195,238,1478575395619,3,OOBBBOOO,OOOOOOOO
1196,239,1478575419871,4,BOOOOOBO,BBBBBBBB
1197,239,1478575366500,0,OBOOOBOO,BBBOBBBB
1198,239,1478575396443,1,BBOOOBBB,BBOBBOBO
1199,239,1478575423008,2,OBBOBBOO,OBOOBBOB
1200,239,1478575444495,3,BBOBOBBB,OOBBBOOB
1201,240,1478575461475,4,OBOBBBOB,OBOBOOBO
1202,240,1478576780669,0,OOOOBOBO,BBBOOOBB
1203,240,1478576825678,1,OOBOOOOB,BBOOOBOO
1204,240,1478576862061,2,OOOBOBBB,OOOBOOBO
1205,240,1478576894787,3,OBBBOOBB,BBOOOOOB
1206,241,1478576918765,4,OOBOBOBB,BOOOOBOB
1207,241,1478577739836,0,BOOBOBOO,OBBBOOOB
1208,241,1478577764395,1,OBOBBOBB,BOOOOOBB
1209,241,1478577783991,2,BBBOBBOB,BOBBOBOO
1210,241,1478577803207,3,OOBBBBOB,OBOOOBBO
1211,242,1478577822010,4,OBOBBBOB,BOOBOOBO
1212,242,1478578375755,0,OOOOOOBB,BBBOOOOB
1213,242,1478578407035,1,BOOOOOOO,BBBOBOOO
1214,242,1478578433480,2,OOOOBBOO,BOOOOBBO
1215,242,1478578458449,3,OBBOBOBO,BOBBOBBB
1216,243,1478578483888,4,OBBOBBBO,BBBBOBBB
1217,243,1478579117999,0,BOBBOOOB,BOOOOBBO
1218,243,1478579163219,1,BBBOOBBO,BBOOBOBB
1219,243,1478579191353,2,BOOOOBOO,BBOBOOBO
1220,243,1478579230747,3,OOOBBOOO,OOOBBOBO
1221,244,1478579282109,4,BBBOBBBO,BBOBBOBO
1222,244,1478579715683,0,BBBBBOBO,BBOOBBOO
1223,244,1478579763304,1,OBBOBBBO,OOOBBBOB
1224,244,1478579793613,2,BBBBBOOO,OOBBBBBB
1225,244,1478579829444,3,BOBBOOOB,OBBOBBOB
1226,245,1478579848434,4,BOBOBOBO,BBBOBOBO
1227,245,1478580277512,0,OBOBOOOO,BOBOBBBO
1228,245,1478580294415,1,OBOBBOBO,BBOBOBOO
1229,245,1478580313519,2,OBOOOBOB,BOOBOOBO
1230,245,1478580370663,3,BOOOOBOO,BBOOBBOB
1231,246,1478580384487,4,OBOOOBBB,OOOBOOOB
1232,246,1478581047403,0,OBOOBOBO,BOBOBOOB
1233,246,1478581077857,1,BOBBBOOO,BBBOOOBO
1234,246,1478581108977,2,OOOBBOBB,OBBBOBOB
1235,246,1478581131571,3,BOOBOBOB,OBOOBOOO
1236,247,1478581156122,4,OOOOBOOB,BBBBBOOO
1237,247,1478581337075,0,BOBOOBOB,BOBOBBBB
1238,247,1478581383162,1,OOOBBBBO,OBBBBBOO
1239,247,1478581448329,2,OBOOOOBO,BOBBBBOB
1240,247,1478581507521,3,BBOOBOOO,BBOOBBBB
1241,248,1478581543261,4,BBOOOOOB,OBBBOOOO
1242,248,1478586037183,0,OBBOOBBO,BOOOOBOO
1243,248,1478586055034,1,OOBOBBBB,BBBBOBBB
1244,248,1478586071754,2,OBOOBOBO,BBBBBBOO
1245,248,1478586088650,3,BBBBOBBO,BBOBBOBB
1246,249,1478586119372,4,OOOOOOOB,OOBOOOOO
1247,249,1478587387412,0,OBBOBOBB,BOOOOOOB
1248,249,1478587493288,1,OOBBOBBB,BBBOOOBO
1249,249,1478587563758,2,BOBBOOBO,BOOBOBBO
1250,249,1478587630027,3,BOOBBBOB,BBBBBOBB
1251,250,1478587691615,4,OBBBBBBB,BOBOOOOO
1252,250,1478620865749,0,OBBOOOBO,BOBBOOBB
1253,250,1478621122387,1,OBBOOOBB,BBOBBBBB
1254,250,1478623710214,2,BOBBOOOB,OBBBBOOO
1255,250,1478623822841,3,OBOBOOOB,OOBBBBOO
1256,251,1478620925148,0,OBBBBOBB,OOBOBBBB
1257,251,1478620955516,1,OOOBBBOB,OBOOOBOO
1258,251,1478620978331,2,OOOOBBOO,OBOBBBBO
1259,251,1478620997979,3,OBBBBOBB,OBBBOOOB
1260,251,1478621024018,4,BOBOOOBO,OOOOBBBO
1261,252,1478620977715,0,BBOBBBBB,BBBBOOBB
1262,252,1478620995173,1,OBOBOOBO,BBBBOBBO
1263,252,1478621021316,2,OOOOOBBB,BBOOOOOO
1264,252,1478621035188,3,OOBOOOOO,BBOBBBOO
1265,252,1478621050207,4,BBBOBOOO,BBBBBBBB
1266,253,1478621833566,0,BOBOBOBO,BBBOBOBO
1267,253,1478621863211,1,OBOBOBOB,BBOBOBOB
1268,253,1478621879783,2,BBOOOBOB,OBOOBBOO
1269,253,1478621899435,3,BOBOOOOB,OBBOBOBB
1270,253,1478621915732,4,BOOOBBBB,BOBOOOBB
1271,254,1478639232252,0,BBBOOOOB,OBBBOOBO
1272,254,1478621329193,0,BBOOOOBO,OOOOOOOO
1273,254,1478621340459,1,OBOBBOBO,BBBBOBOO
1274,254,1478621349664,2,BOOOOOOO,BOBOOOOB
1275,254,1478621359101,3,BOOBBOBB,BOBOBBOB
1276,255,1478621369201,4,BBOOBBOB,OBBOBOBO
1277,255,1478621608354,0,BBOOBBOO,OBBBBBBB
1278,255,1478621631555,1,BBOBBOOO,OBOOBOBB
1279,255,1478621647498,2,BBBOOOBB,OBBBBBBB
1280,255,1478621673625,3,OOOOOBOB,BBBBBBBB
1281,256,1478621686446,4,BOBOBBBB,OBOBOBOB
1282,256,1478622122496,0,BOBBOOBB,BOBOOOBB
1283,256,1478622157752,1,BBOBBBBB,OOOOBOOO
1284,256,1478622182959,2,OOOBBBBB,BOOOOOOO
1285,256,1478622209840,3,OBOBOOOO,BOOOOBBO
1286,257,1478622229848,4,BBOBOBBB,BBBOBOOB
1287,257,1478622298372,0,OBBBBBOO,BBBOOBBB
1288,257,1478622323249,1,OOBBBOBO,BOOBOBBO
1289,257,1478622346381,2,OOBBOOBB,OOOBOOBB
1290,257,1478622371958,3,OBBBOOBB,BOBOBOOB
1291,258,1478622394342,4,OBOOBOOO,OOOBBOOB
1292,258,1478622440604,0,OBBBBBBB,BOOOBBOB
1293,258,1478622491162,1,OBBBOOOO,BBBBBBOO
1294,258,1478622513337,2,OBBBOBBB,BOBBBOBB
1295,258,1478622533460,3,BOOOBOOO,BOBOOBOO
1296,259,1478622562347,4,OOBOOOOB,BOOBOOBO
1297,259,1478622382290,0,BOOOBOOB,BBBOOBOO
1298,259,1478622395801,1,OOOBBBBO,BOOOBBOB
1299,259,1478622410914,2,OBOBBBBB,BOBOOBBB
1300,259,1478622428498,3,OOBOOOBB,OOOBBOBO
1301,260,1478622442907,4,OOOOBBBB,OOOOOBBB
1302,260,1478622872328,0,OBBBOOOB,BOOBBOOB
1303,260,1478622926066,1,BOOOBBOO,OBOOBBBO
1304,260,1478622998335,2,BOOBOOBB,OBOOBOBB
1305,260,1478623081112,3,BBOBBBOO,BOBOBOOB
1306,261,1478623131457,4,OBBOBBBO,OOBOOBOB
1307,261,1478623672281,0,OBBOOOBO,OBBBBBOB
1308,261,1478623707296,1,OBBOOOBB,BBBOOOBO
1309,261,1478623746049,2,BOBBOOOB,OBBBBOBB
1310,261,1478623776701,3,OBOBOOOB,OOBOBOOB
1311,262,1478623811671,4,BBOOBBBB,OOOBOBOB
1312,262,1478624680182,0,BBBOOOOB,OBBOOBBB
1313,262,1478624697268,1,BOOBOOOB,OOBBBOBO
1314,262,1478624709715,2,OBOOOOBB,BBBOOBOB
1315,262,1478624722161,3,OBOOOOBB,OBOOBBOB
1316,263,1478624734404,4,BOOBOBOB,BBOBBOOB
1317,263,1478625248647,0,BBOBBBBO,OBOBOOBB
1318,263,1478625296501,1,OBBOOOBO,OBBOBOOB
1319,263,1478625333806,2,BOBBBOOB,BBBBOOOB
1320,263,1478625365021,3,OOOOBBBO,BBBOOBOO
1321,264,1478625390694,4,OBBBOBBO,OOBBOOBB
1322,264,1478627679646,0,OOOOBBOB,OBOOOBBO
1323,264,1478627719003,1,BOOBBBBB,OBOOBBBO
1324,264,1478627757459,2,OOBOOBBB,BOOBOOBB
1325,264,1478627787930,3,BBBBBOBO,OBBBBBOB
1326,265,1478627830392,4,BBBBBOOO,BBBBBBOO
